persona_id,documento,nombre,telefono,direccion 
1,9197728888,Karrie,549-404-1831,4358 Meadow Vale Alley
2,6345358991,Sergeant,678-744-1418,070 Raven Pass
3,9543176817,Lynea,651-300-2726,33 Claremont Plaza
4,8216504101,Desmond,681-125-9382,24 Logan Drive
5,9522052531,Yuma,195-367-4421,0545 Meadow Vale Trail
6,8674341373,Boyce,906-236-3556,95 Anniversary Lane
7,4092626207,Elfrida,382-640-3934,23 Sauthoff Trail
8,4352349895,Philippa,814-673-1614,90620 Mallory Parkway
9,6751496346,Clare,139-612-4463,28130 Norway Maple Place
10,7298242768,Hamish,333-272-3838,0909 Kenwood Plaza
11,9092227072,Ollie,816-991-2944,248 Sloan Lane
12,4324118213,Honey,195-554-8369,2 Petterle Road
13,3847873237,Keelia,234-770-8640,6316 Fallview Crossing
14,5047775291,Remus,175-532-9236,77908 Kings Place
15,8820259052,Vin,399-831-9753,297 Tony Avenue
16,0114936579,Sigmund,511-952-7492,195 Commercial Lane
17,0447808591,Daisey,710-729-4791,86705 Johnson Street
18,2093366207,Cybil,253-761-3828,479 Brickson Park Parkway
19,3289991350,Cariotta,222-117-1785,08442 Northridge Way
20,8770762325,Ban,181-395-0923,221 Haas Crossing
21,9064481490,Archibald,489-994-3593,1 High Crossing Street
22,7158608166,Dyan,704-142-5266,10555 Towne Avenue
23,5524079026,Rosalynd,593-197-6187,017 Red Cloud Parkway
24,3642031730,Basilio,990-130-3321,13 6th Pass
25,5217915250,Iorgo,557-889-0652,27 1st Avenue
26,9665976354,Hubie,755-161-9817,12 Miller Way
27,8211405032,Camala,742-562-8087,64662 Morrow Trail
28,2481892844,Adolphe,155-865-5858,196 Hermina Point
29,2328607470,Dulci,594-394-3719,4 Melby Court
30,6787337604,Wheeler,698-141-8335,0 Heffernan Hill
31,8321104908,Elvera,331-668-3899,73152 Pleasure Court
32,4569895611,Mersey,919-820-3020,30 Golden Leaf Road
33,8808092038,Prissie,582-857-1877,3185 Carpenter Center
34,8919792054,Dara,150-843-9327,5 Burrows Street
35,6463127795,Janeva,215-597-8969,1589 Haas Way
36,9474083525,Ase,515-908-4133,34728 Northwestern Drive
37,5921187585,Curry,354-634-1383,2 Chinook Junction
38,0490611338,Cthrine,628-209-9018,15 Grayhawk Point
39,0227430506,Antonella,503-212-1498,51267 Nobel Street
40,7291403669,Uta,250-387-3395,60393 Lerdahl Drive
41,2568701331,Gianni,309-759-7329,59 Bowman Plaza
42,7935319413,Cary,139-501-8531,21279 Annamark Alley
43,8830481211,Jacky,229-760-2040,705 David Point
44,9564211964,Noland,352-689-0315,43 Nevada Hill
45,5327719278,Briana,334-893-8674,8 Ronald Regan Drive
46,9028767010,Marisa,918-461-4779,2 Cascade Terrace
47,0988078902,Marco,941-165-3675,75962 Kensington Road
48,2345333200,Jade,101-183-5853,8003 Crownhardt Center
49,1958243620,Kirstyn,473-967-0516,37 Melvin Trail
50,0357532139,Kory,319-425-5248,94 Del Sol Pass
51,1797539469,Nollie,242-890-4805,22513 Welch Park
52,5753808425,Kelila,903-877-0094,8340 Superior Trail
53,5110661219,Alexandro,959-482-5069,4 Iowa Lane
54,1537972294,Moore,928-521-2453,853 Northwestern Point
55,4934210709,Willie,339-252-5662,569 Arkansas Junction
56,0496208845,Livia,498-657-3368,01 Kedzie Terrace
57,4867024228,Francoise,655-672-3603,7 Gulseth Park
58,1832867544,Mitch,982-920-2160,45 Brown Terrace
59,1459489853,Renae,437-635-4428,019 Hansons Terrace
60,6723734300,Vally,720-989-6793,40168 Riverside Pass
61,0384057519,Sax,276-977-9425,2 Jay Plaza
62,0292562500,Waly,495-106-2002,3 Chinook Place
63,6506560991,Dorthy,221-577-8489,97 Claremont Circle
64,7817976988,Zacharia,548-311-2234,5 Atwood Alley
65,7421405216,Lorne,995-112-2009,64664 Reinke Alley
66,1413155898,Chauncey,881-616-2889,870 Melby Avenue
67,0860291243,Wolfie,360-877-9392,99712 Fremont Avenue
68,7347738504,Benedicta,139-790-1621,9599 Londonderry Way
69,7932173043,Clemente,770-887-9171,168 Columbus Center
70,0139328734,Odetta,183-779-1229,229 Monterey Avenue
71,8017262671,Joice,881-320-0501,0039 Heath Way
72,8831468286,Krispin,449-544-6584,3234 8th Alley
73,2810684693,Juli,773-154-7264,18 7th Parkway
74,5892586464,Ki,921-429-5885,398 Graceland Alley
75,6061952341,Sloan,588-159-6499,57340 Debs Drive
76,0876021607,Dyan,839-816-6185,811 Lerdahl Center
77,6638624997,Papageno,370-536-8556,7146 Rowland Lane
78,4638546099,Lyon,146-593-2514,887 Farmco Point
79,8822275551,Donn,553-216-3116,8351 Victoria Circle
80,2288518804,Esmeralda,542-801-7482,6860 Prentice Court
81,7918884892,Chickie,270-627-0802,96886 Novick Crossing
82,2534877704,Brigit,958-478-4661,99 Clarendon Point
83,0425738248,Vernor,751-308-0962,0919 Talisman Drive
84,1563511134,Olag,807-742-7297,7 Cherokee Parkway
85,8778352444,Garvey,114-627-2485,0 Toban Street
86,1996509934,Jdavie,593-225-7305,25 Thompson Center
87,4435379481,Tara,461-475-3834,2200 Parkside Place
88,2456457021,Court,637-518-4254,207 Mcguire Circle
89,6595101289,Sibel,850-866-5830,3 Emmet Junction
90,5590035090,Nola,999-376-1864,206 Grasskamp Pass
91,8789045726,Ewan,390-544-7167,1 Basil Alley
92,0150949618,Maritsa,107-334-1973,9 Commercial Alley
93,9295628209,Del,197-298-2284,3 Drewry Road
94,8484904318,Randal,903-515-1566,65 Algoma Avenue
95,0250794446,Jenna,511-594-8746,0 Harbort Parkway
96,8927540344,Hillery,352-117-2506,0 Anthes Lane
97,4823809564,Lexie,278-367-2070,7513 Emmet Court
98,9091286288,Lissy,359-917-9066,403 Loeprich Terrace
99,0213869748,Zackariah,178-642-9155,56 Pearson Road
100,9828678519,Jessika,210-322-2003,77006 Walton Point
